{"v":"5.7.6","fr":30,"ip":0,"op":75,"w":1024,"h":1024,"nm":"Project 89332 Logo V2 Revise","ddd":0,"assets":[],"layers":[{"ddd":0,"ind":1,"ty":4,"nm":"Layer 3 Outlines","sr":1,"ks":{"o":{"a":1,"k":[{"i":{"x":[0.667],"y":[1]},"o":{"x":[0.167],"y":[0.167]},"t":0,"s":[0]},{"t":15.599609375,"s":[100]}],"ix":11},"r":{"a":0,"k":0,"ix":10},"p":{"a":1,"k":[{"i":{"x":0.667,"y":1},"o":{"x":0.167,"y":0.167},"t":0,"s":[229.822,680.848,0],"to":[0,-18.167,0],"ti":[0,12,0]},{"i":{"x":0.833,"y":0.833},"o":{"x":0.333,"y":0},"t":16,"s":[229.822,571.848,0],"to":[0,-12,0],"ti":[0,-6.167,0]},{"t":23,"s":[229.822,608.848,0]}],"ix":2,"l":2},"a":{"a":0,"k":[229.822,608.848,0],"ix":1,"l":2},"s":{"a":0,"k":[100,100,100],"ix":6,"l":2}},"ao":0,"shapes":[{"ty":"gr","it":[{"ind":0,"ty":"sh","ix":1,"ks":{"a":0,"k":{"i":[[-4.05,3.211],[0,0],[0,0],[0,2.933],[0.286,56.357],[-8.267,7.15],[-36.704,32.19]],"o":[[0,0],[0,0],[-0.136,-3.11],[-0.003,-56.358],[-0.054,-10.797],[36.926,-31.934],[2.818,-2.473]],"v":[[65.849,-154.204],[65.849,154.203],[-65.317,154.203],[-65.694,145.229],[-65.795,-23.847],[-54.228,-49.798],[55.933,-146.31]],"c":true},"ix":2},"nm":"Path 1","mn":"ADBE Vector Shape - Group","hd":false},{"ty":"fl","c":{"a":0,"k":[0,0,0,1],"ix":4},"o":{"a":0,"k":100,"ix":5},"r":1,"bm":0,"nm":"Fill 1","mn":"ADBE Vector Graphic - Fill","hd":false},{"ty":"tr","p":{"a":0,"k":[229.795,608.848],"ix":2},"a":{"a":0,"k":[0,0],"ix":1},"s":{"a":0,"k":[100,100],"ix":3},"r":{"a":0,"k":0,"ix":6},"o":{"a":0,"k":100,"ix":7},"sk":{"a":0,"k":0,"ix":4},"sa":{"a":0,"k":0,"ix":5},"nm":"Transform"}],"nm":"Group 1","np":2,"cix":2,"bm":0,"ix":1,"mn":"ADBE Vector Group","hd":false}],"ip":0,"op":213,"st":0,"bm":0},{"ddd":0,"ind":2,"ty":4,"nm":"Layer 2 Outlines","sr":1,"ks":{"o":{"a":1,"k":[{"i":{"x":[0.667],"y":[1]},"o":{"x":[0.167],"y":[0.167]},"t":6,"s":[0]},{"t":21.599609375,"s":[100]}],"ix":11},"r":{"a":0,"k":0,"ix":10},"p":{"a":1,"k":[{"i":{"x":0.667,"y":1},"o":{"x":0.167,"y":0.167},"t":6,"s":[431.614,592.852,0],"to":[0,-18.167,0],"ti":[0,12,0]},{"i":{"x":0.833,"y":0.833},"o":{"x":0.333,"y":0},"t":22,"s":[431.614,483.852,0],"to":[0,-12,0],"ti":[0,-6.167,0]},{"t":29,"s":[431.614,520.852,0]}],"ix":2,"l":2},"a":{"a":0,"k":[431.614,520.852,0],"ix":1,"l":2},"s":{"a":0,"k":[100,100,100],"ix":6,"l":2}},"ao":0,"shapes":[{"ty":"gr","it":[{"ind":0,"ty":"sh","ix":1,"ks":{"a":0,"k":{"i":[[0,0],[0,0],[0,0],[0.531,110.282],[-16.984,14.022],[-36.095,31.58]],"o":[[0,0],[0,0],[0.001,-110.283],[-0.104,-21.506],[35.759,-29.524],[0,0]],"v":[[64.868,242.414],[-64.52,242.414],[-64.52,232.378],[-64.763,-98.472],[-41.313,-150.049],[64.868,-242.414]],"c":true},"ix":2},"nm":"Path 1","mn":"ADBE Vector Shape - Group","hd":false},{"ty":"fl","c":{"a":0,"k":[0,0,0,1],"ix":4},"o":{"a":0,"k":100,"ix":5},"r":1,"bm":0,"nm":"Fill 1","mn":"ADBE Vector Graphic - Fill","hd":false},{"ty":"tr","p":{"a":0,"k":[431.563,520.852],"ix":2},"a":{"a":0,"k":[0,0],"ix":1},"s":{"a":0,"k":[100,100],"ix":3},"r":{"a":0,"k":0,"ix":6},"o":{"a":0,"k":100,"ix":7},"sk":{"a":0,"k":0,"ix":4},"sa":{"a":0,"k":0,"ix":5},"nm":"Transform"}],"nm":"Group 1","np":2,"cix":2,"bm":0,"ix":1,"mn":"ADBE Vector Group","hd":false}],"ip":6,"op":219,"st":6,"bm":0},{"ddd":0,"ind":3,"ty":4,"nm":"Layer 4 Outlines","sr":1,"ks":{"o":{"a":1,"k":[{"i":{"x":[0.667],"y":[1]},"o":{"x":[0.167],"y":[0.167]},"t":16,"s":[0]},{"t":31.599609375,"s":[100]}],"ix":11},"r":{"a":0,"k":0,"ix":10},"p":{"a":1,"k":[{"i":{"x":0.667,"y":1},"o":{"x":0.167,"y":0.167},"t":16,"s":[634.855,578.439,0],"to":[0,-18.167,0],"ti":[0,12,0]},{"i":{"x":0.833,"y":0.833},"o":{"x":0.333,"y":0},"t":32,"s":[634.855,469.439,0],"to":[0,-12,0],"ti":[0,-6.167,0]},{"t":39,"s":[634.855,506.439,0]}],"ix":2,"l":2},"a":{"a":0,"k":[634.855,506.439,0],"ix":1,"l":2},"s":{"a":0,"k":[100,100,100],"ix":6,"l":2}},"ao":0,"shapes":[{"ty":"gr","it":[{"ind":0,"ty":"sh","ix":1,"ks":{"a":0,"k":{"i":[[0,0],[0,0],[0.039,24.033],[0.611,202.763],[-9.138,7.832],[-37.165,32.554],[-3.367,2.688]],"o":[[0,0],[0,-24.538],[-0.334,-202.763],[-0.036,-11.839],[37.511,-32.15],[2.188,-1.917],[0,0]],"v":[[66.008,406.445],[-64.752,406.445],[-64.757,333.842],[-65.972,-274.448],[-53.511,-302.583],[58.1,-400.11],[66.008,-406.445]],"c":true},"ix":2},"nm":"Path 1","mn":"ADBE Vector Shape - Group","hd":false},{"ty":"fl","c":{"a":0,"k":[0,0,0,1],"ix":4},"o":{"a":0,"k":100,"ix":5},"r":1,"bm":0,"nm":"Fill 1","mn":"ADBE Vector Graphic - Fill","hd":false},{"ty":"tr","p":{"a":0,"k":[634.837,506.439],"ix":2},"a":{"a":0,"k":[0,0],"ix":1},"s":{"a":0,"k":[100,100],"ix":3},"r":{"a":0,"k":0,"ix":6},"o":{"a":0,"k":100,"ix":7},"sk":{"a":0,"k":0,"ix":4},"sa":{"a":0,"k":0,"ix":5},"nm":"Transform"}],"nm":"Group 1","np":2,"cix":2,"bm":0,"ix":1,"mn":"ADBE Vector Group","hd":false}],"ip":16,"op":229,"st":16,"bm":0},{"ddd":0,"ind":4,"ty":4,"nm":"Layer 1 Outlines","sr":1,"ks":{"o":{"a":1,"k":[{"i":{"x":[0.667],"y":[1]},"o":{"x":[0.167],"y":[0.167]},"t":23,"s":[0]},{"t":38.599609375,"s":[100]}],"ix":11},"r":{"a":0,"k":0,"ix":10},"p":{"a":1,"k":[{"i":{"x":0.667,"y":1},"o":{"x":0.167,"y":0.167},"t":23,"s":[839.74,774.975,0],"to":[0,-14.667,0],"ti":[0,10.667,0]},{"i":{"x":0.833,"y":0.833},"o":{"x":0.333,"y":0},"t":39,"s":[839.74,686.975,0],"to":[0,-10.667,0],"ti":[0,-4,0]},{"t":46,"s":[839.74,710.975,0]}],"ix":2,"l":2},"a":{"a":0,"k":[839.74,710.975,0],"ix":1,"l":2},"s":{"a":0,"k":[100,100,100],"ix":6,"l":2}},"ao":0,"shapes":[{"ty":"gr","it":[{"ind":0,"ty":"sh","ix":1,"ks":{"a":0,"k":{"i":[[0,0],[0,0],[0,0],[0,0]],"o":[[0,0],[0,0],[0,0],[0,0]],"v":[[-65.26,-52.099],[65.26,-52.099],[65.26,52.099],[-65.26,52.099]],"c":true},"ix":2},"nm":"Path 1","mn":"ADBE Vector Shape - Group","hd":false},{"ty":"fl","c":{"a":0,"k":[0,0,0,1],"ix":4},"o":{"a":0,"k":100,"ix":5},"r":1,"bm":0,"nm":"Fill 1","mn":"ADBE Vector Graphic - Fill","hd":false},{"ty":"tr","p":{"a":0,"k":[839.74,710.975],"ix":2},"a":{"a":0,"k":[0,0],"ix":1},"s":{"a":0,"k":[100,100],"ix":3},"r":{"a":0,"k":0,"ix":6},"o":{"a":0,"k":100,"ix":7},"sk":{"a":0,"k":0,"ix":4},"sa":{"a":0,"k":0,"ix":5},"nm":"Transform"}],"nm":"Group 1","np":2,"cix":2,"bm":0,"ix":1,"mn":"ADBE Vector Group","hd":false}],"ip":23,"op":236,"st":23,"bm":0}],"markers":[]}